﻿<?xml version="1.0" encoding="utf-8" standalone="no"?>
<modDesc descVersion="69">
    <author>Perma's Modding, ThundR</author>
    <contributors>Mantrid, Paint-a-Farm</contributors>
    <version>1.0.0.0</version>
    <title>
        <en>Real Dashboard</en>
    </title>
    <description>
<en><![CDATA[The RealDashboard script allows you to use a tablet which will display the current fill level, fill mass and fill density of any internal or attached fill units inside the cab. Vehicles must be specially prepared for the script to function. A guide is included to add it to a vehicle.

Additionally, if you have the game set to use imperial units (MPH), vehicles with digital speedometers will now display this speed in MPH instead of KPH.

You can choose to display the following units:
FillLevel: liters, Bushels (US), Bushels (UK), Gallon (US), Gallon (UK) and Cubic Meters
Mass: Kilogram, Pound, Ton Short, Ton Long and Tonne
Density: Kg/L, kg/Cubic Meter, lbs/bu, lbs/Cubic Feet and lbs/gal

Default Keybinds
RAlt+numPad1: Change mode
RAlt+numPad2: Change Volume Unit
RAlt+numPad3: Change Mass Unit
RAlt+numPad4: Change Density Unit 

SDK is available on GitHub here: https://github.com/L2KPerma/FS22_RealDashboard
]]>
</en>
<de><![CDATA[Mit dem RealDashboard-Skript können Sie ein Tablet verwenden, das den aktuellen Füllstand, die Füllmasse und die Fülldichte aller internen oder angeschlossenen Fülleinheiten innerhalb der Kabine anzeigt. Fahrzeuge müssen speziell für die Funktion des Skripts vorbereitet werden. Ein Führer ist enthalten, um es zu einem Fahrzeug hinzuzufügen.

Zusätzlich, wenn Sie das Spiel gesetzt haben, um imperiale Einheiten (MPH) zu verwenden, Fahrzeuge mit digitalen Geschwindigkeitsmessern werden diese Geschwindigkeit jetzt in MPH statt KPH anzeigen.

Sie können die folgenden Einheiten anzeigen:
FillLevel: Liter, Bushels (US), Bushels (UK), Gallon (US), Gallon (UK) und Kubikmeter
Masse: Kilogramm, Pfund, Tonne kurz, Tonne lang und Tonne
Dichte: kg/l, kg/Kubikmeter, lbs/bu, lbs/Kubikfuß und lbs/gl

Standard-Tastaturbelegungen
RAlt+numPad1: Modus ändern
RAlt+numPad2: Volume-Einheit ändern
RAlt+numPad3: Masseneinheit ändern
RAlt+numPad4: Dichte ändern

SDK ist auf GitHub hier verfügbar: https://github.com/L2KPerma/FS22_RealDashboard
]]>
</de>
<fr><![CDATA[Le script RealDashboard vous permet d'utiliser une tablette qui affichera le niveau de remplissage actuel, la masse et la densité de remplissage de toutes les unités de remplissage internes ou attachées à l'intérieur de la cabine. Les véhicules doivent être spécialement préparés pour que le script fonctionne. Un guide est inclus pour l'ajouter à un véhicule.

En outre, si vous avez le jeu réglé pour utiliser des unités impériales (MPH), les véhicules avec des compteurs de vitesse numériques afficheront maintenant cette vitesse en MPH au lieu de KPH.

Vous pouvez choisir d'afficher les unités suivantes :
FillLevel : litres, Boisseaux (US), Boisseaux (UK), Gallon (US), Gallon (UK) et Mètres Cubes
Masse : kilogramme, livre, tonne courte, tonne longue et tonne
Densité : kg/L, kg/Mètres Cubes, lbs/bu, lbs/Pieds Cubes et lbs/gal

Claviers par défaut
RAlt+numPad1 : Changer de mode
RAlt+numPad2 : Modifier l'unité de volume
RAlt+numPad3 : Modifier l'unité de masse
RAlt+numPad4 : Modifier l'unité de densité

SDK est disponible sur GitHub ici : https://github.com/L2KPerma/FS22_RealDashboard
]]>
</fr>
    </description>

    <iconFilename>icon.dds</iconFilename>
    <multiplayer supported="true"/>

    <l10n filenamePrefix="lang/lang"/>

    <extraSourceFiles>
        <sourceFile filename="scripts/Loader.lua"/>
    </extraSourceFiles>

    <specializations>
        <specialization name="realDashboard" className="RealDashboard" filename="scripts/RealDashboard.lua"/>
    </specializations>

    <actions>
        <action name="RDB_TOGGLE_MODE"         category="VEHICLE" axisType="HALF"/>
        <action name="RDB_TOGGLE_VOLUME_UNIT"  category="VEHICLE" axisType="HALF"/>
        <action name="RDB_TOGGLE_MASS_UNIT"    category="VEHICLE" axisType="HALF"/>
        <action name="RDB_TOGGLE_DENSITY_UNIT" category="VEHICLE" axisType="HALF"/>
    </actions>

    <inputBinding>
        <actionBinding action="RDB_TOGGLE_MODE">
            <binding device="KB_MOUSE_DEFAULT" input="KEY_ralt KEY_KP_1"/>
        </actionBinding>
        <actionBinding action="RDB_TOGGLE_VOLUME_UNIT">
            <binding device="KB_MOUSE_DEFAULT" input="KEY_ralt KEY_KP_2"/>
        </actionBinding>
        <actionBinding action="RDB_TOGGLE_MASS_UNIT">
            <binding device="KB_MOUSE_DEFAULT" input="KEY_ralt KEY_KP_3"/>
        </actionBinding>
        <actionBinding action="RDB_TOGGLE_DENSITY_UNIT">
            <binding device="KB_MOUSE_DEFAULT" input="KEY_ralt KEY_KP_4"/>
        </actionBinding>
    </inputBinding>
</modDesc>